{
	"info": {
		"_postman_id": "5d1993c6-b374-4506-909d-174ebdb41399",
		"name": "Certificate",
		"schema": "https://schema.getpostman.com/json/collection/v2.1.0/collection.json",
		"_exporter_id": "16666270"
	},
	"item": [
		{
			"name": "Save New Certificate",
			"request": {
				"method": "POST",
				"header": [],
				"body": {
					"mode": "raw",
					"raw": "{\n    \"name\": \"E Voting Website\", \n    \"organization_issueed\": \"Oct 2021\", \n    \"field\": \"Oct 2021\"\n}",
					"options": {
						"raw": {
							"language": "json"
						}
					}
				},
				"url": {
					"raw": "http://localhost:3000/api/v1/certificate",
					"protocol": "http",
					"host": [
						"localhost"
					],
					"port": "3000",
					"path": [
						"api",
						"v1",
						"certificate"
					]
				}
			},
			"response": []
		},
		{
			"name": "Get All Certificate",
			"request": {
				"method": "GET",
				"header": [],
				"url": {
					"raw": "http://localhost:3000/api/v1/certificate",
					"protocol": "http",
					"host": [
						"localhost"
					],
					"port": "3000",
					"path": [
						"api",
						"v1",
						"certificate"
					]
				}
			},
			"response": []
		},
		{
			"name": "Update Certificate",
			"request": {
				"method": "PUT",
				"header": [],
				"body": {
					"mode": "raw",
					"raw": "{\n    \"name\": \"E Voting Website Updated\", \n    \"organization_issued\": \"Oct 2021\", \n    \"field\": \"Oct 2021\"\n}",
					"options": {
						"raw": {
							"language": "json"
						}
					}
				},
				"url": {
					"raw": "http://localhost:3000/api/v1/certificate/62fcb7151546d561e651a543",
					"protocol": "http",
					"host": [
						"localhost"
					],
					"port": "3000",
					"path": [
						"api",
						"v1",
						"certificate",
						"62fcb7151546d561e651a543"
					]
				}
			},
			"response": []
		},
		{
			"name": "Delete Certificate",
			"request": {
				"method": "DELETE",
				"header": [],
				"url": {
					"raw": "http://localhost:3000/api/v1/certificate/62fcb7151546d561e651a543",
					"protocol": "http",
					"host": [
						"localhost"
					],
					"port": "3000",
					"path": [
						"api",
						"v1",
						"certificate",
						"62fcb7151546d561e651a543"
					]
				}
			},
			"response": []
		}
	]
}