{
	"info": {
		"_postman_id": "cf461940-546e-4535-8696-b3daa49c2550",
		"name": "Project",
		"schema": "https://schema.getpostman.com/json/collection/v2.1.0/collection.json",
		"_exporter_id": "16666270"
	},
	"item": [
		{
			"name": "Save New Project",
			"request": {
				"method": "POST",
				"header": [],
				"body": {
					"mode": "raw",
					"raw": "{\n    \"name\": \"E Voting Website\", \n    \"start_month\": \"Oct 2021\", \n    \"end_month\": \"Oct 2021\", \n    \"position\": \"Fullstack Developer\"\n}",
					"options": {
						"raw": {
							"language": "json"
						}
					}
				},
				"url": {
					"raw": "http://localhost:3000/api/v1/project",
					"protocol": "http",
					"host": [
						"localhost"
					],
					"port": "3000",
					"path": [
						"api",
						"v1",
						"project"
					]
				}
			},
			"response": []
		},
		{
			"name": "Get All Project",
			"request": {
				"method": "GET",
				"header": [],
				"url": {
					"raw": "http://localhost:3000/api/v1/project",
					"protocol": "http",
					"host": [
						"localhost"
					],
					"port": "3000",
					"path": [
						"api",
						"v1",
						"project"
					]
				}
			},
			"response": []
		},
		{
			"name": "Update Project",
			"request": {
				"method": "PUT",
				"header": [],
				"body": {
					"mode": "raw",
					"raw": "{\n    \"name\": \"E Voting Website Updated\", \n    \"start_month\": \"Oct 2021\", \n    \"end_month\": \"Oct 2021\", \n    \"position\": \"Fullstack Developer\"\n}",
					"options": {
						"raw": {
							"language": "json"
						}
					}
				},
				"url": {
					"raw": "http://localhost:3000/api/v1/project/62fcb5638dba69cab1729b24",
					"protocol": "http",
					"host": [
						"localhost"
					],
					"port": "3000",
					"path": [
						"api",
						"v1",
						"project",
						"62fcb5638dba69cab1729b24"
					]
				}
			},
			"response": []
		},
		{
			"name": "Delete Project",
			"request": {
				"method": "DELETE",
				"header": [],
				"url": {
					"raw": "http://localhost:3000/api/v1/project/62fcb6731546d561e651a541",
					"protocol": "http",
					"host": [
						"localhost"
					],
					"port": "3000",
					"path": [
						"api",
						"v1",
						"project",
						"62fcb6731546d561e651a541"
					]
				}
			},
			"response": []
		}
	]
}