{
	"info": {
		"_postman_id": "99905018-f4da-4fe0-b1ac-43d78ab79742",
		"name": "Skill",
		"schema": "https://schema.getpostman.com/json/collection/v2.1.0/collection.json",
		"_exporter_id": "16666270"
	},
	"item": [
		{
			"name": "Save New Skill",
			"request": {
				"method": "POST",
				"header": [],
				"body": {
					"mode": "raw",
					"raw": "{\n    \"name\": \"Python\",\n    \"fluently_rate\": 100,\n    \"type\": \"Programming Language\"\n}",
					"options": {
						"raw": {
							"language": "json"
						}
					}
				},
				"url": {
					"raw": "http://localhost:3000/api/v1/skill",
					"protocol": "http",
					"host": [
						"localhost"
					],
					"port": "3000",
					"path": [
						"api",
						"v1",
						"skill"
					]
				}
			},
			"response": []
		},
		{
			"name": "Get All Skills",
			"request": {
				"method": "GET",
				"header": [],
				"url": {
					"raw": "http://localhost:3000/api/v1/skill",
					"protocol": "http",
					"host": [
						"localhost"
					],
					"port": "3000",
					"path": [
						"api",
						"v1",
						"skill"
					]
				}
			},
			"response": []
		},
		{
			"name": "Update Skill",
			"request": {
				"method": "PUT",
				"header": [],
				"body": {
					"mode": "raw",
					"raw": "{\n    \"name\": \"Python Native\",\n    \"fluently_rate\": 100,\n    \"type\": \"Programming Language\"\n}",
					"options": {
						"raw": {
							"language": "json"
						}
					}
				},
				"url": {
					"raw": "http://localhost:3000/api/v1/skill/62fcb3f1a7e99ab3cf1d6ef2",
					"protocol": "http",
					"host": [
						"localhost"
					],
					"port": "3000",
					"path": [
						"api",
						"v1",
						"skill",
						"62fcb3f1a7e99ab3cf1d6ef2"
					]
				}
			},
			"response": []
		},
		{
			"name": "Delete Skills",
			"request": {
				"method": "DELETE",
				"header": [],
				"url": {
					"raw": "http://localhost:3000/api/v1/skill/62fcb3f1a7e99ab3cf1d6ef2",
					"protocol": "http",
					"host": [
						"localhost"
					],
					"port": "3000",
					"path": [
						"api",
						"v1",
						"skill",
						"62fcb3f1a7e99ab3cf1d6ef2"
					]
				}
			},
			"response": []
		}
	]
}