{
	"info": {
		"_postman_id": "04e19c47-c2a3-4dbd-ae69-c64f797103b6",
		"name": "Work",
		"schema": "https://schema.getpostman.com/json/collection/v2.1.0/collection.json",
		"_exporter_id": "16666270"
	},
	"item": [
		{
			"name": "Save New Work",
			"request": {
				"method": "POST",
				"header": [],
				"body": {
					"mode": "raw",
					"raw": "{\n    \"company\": \"LingoTalk Indonesia\",\n    \"position\": \"Backend Engineer\",\n    \"start_month\": \"June 2021\",\n    \"end_month\": \"Oct 2021\",\n    \"type\": \"Internship\"\n}",
					"options": {
						"raw": {
							"language": "json"
						}
					}
				},
				"url": {
					"raw": "http://localhost:3000/api/v1/work",
					"protocol": "http",
					"host": [
						"localhost"
					],
					"port": "3000",
					"path": [
						"api",
						"v1",
						"work"
					]
				}
			},
			"response": []
		},
		{
			"name": "Get All works",
			"request": {
				"auth": {
					"type": "bearer",
					"bearer": [
						{
							"key": "token",
							"value": "s",
							"type": "string"
						}
					]
				},
				"method": "GET",
				"header": [],
				"url": {
					"raw": "http://localhost:3000/api/v1/work",
					"protocol": "http",
					"host": [
						"localhost"
					],
					"port": "3000",
					"path": [
						"api",
						"v1",
						"work"
					]
				}
			},
			"response": []
		},
		{
			"name": "Update Work",
			"request": {
				"method": "PUT",
				"header": [],
				"body": {
					"mode": "raw",
					"raw": "{\n    \"company\": \"UPDATED\",\n    \"position\": \"Gramedia\",\n    \"start_month\": \"2020-10-24\",\n    \"end_month\": \"John Doe\",\n    \"type\": \"Ilmiah, Buku Pelajaran Sekolah\"\n}",
					"options": {
						"raw": {
							"language": "json"
						}
					}
				},
				"url": {
					"raw": "http://localhost:3000/api/v1/work/62fcb2573da9eaf91ee131df",
					"protocol": "http",
					"host": [
						"localhost"
					],
					"port": "3000",
					"path": [
						"api",
						"v1",
						"work",
						"62fcb2573da9eaf91ee131df"
					]
				}
			},
			"response": []
		},
		{
			"name": "Delete Work",
			"request": {
				"method": "DELETE",
				"header": [],
				"url": {
					"raw": "http://localhost:3000/api/v1/work/62fc95c61b02213fcfac991b",
					"protocol": "http",
					"host": [
						"localhost"
					],
					"port": "3000",
					"path": [
						"api",
						"v1",
						"work",
						"62fc95c61b02213fcfac991b"
					]
				}
			},
			"response": []
		}
	]
}